Year,Quarter,Total_number_of_fish,50,55,60,65,70,75,80,85,90,95,100,105,110,115,120,125,130,135,140,145,150,155,160,165,170,175,180,185,190,195,200,205,210,215,220,225,230,235,240,245,250,255,260,265,270,275,280,285,290,295,300,305,310,315,320
1990,1,0,0,0,0,0,0,0,0,0,0,0,0,0,0,0,0,0,0,0,0,0,0,0,0,0,0,0,0,0,0,0,0,0,0,0,0,0,0,0,0,0,0,0,0,0,0,0,0,0,0,0,0,0,0,0,0
1990,4,0,0,0,0,0,0,0,0,0,0,0,0,0,0,0,0,0,0,0,0,0,0,0,0,0,0,0,0,0,0,0,0,0,0,0,0,0,0,0,0,0,0,0,0,0,0,0,0,0,0,0,0,0,0,0,0
1990,7,3,0,0,0,0,0,0,0,0,0,0,0,0,0,0,0,0,0,0,0,0,0,0,0,1,0,0,1,0,0,0,0,1,0,0,0,0,0,0,0,0,0,0,0,0,0,0,0,0,0,0,0,0,0,0,0
1990,10,30,0,0,0,0,0,0,0,0,0,0,0,0,0,0,0,0,0,0,0,0,0,0,1,0,0,0,1,2,0,0,0,2,3,1,3,1,1,2,0,0,1,3,2,0,0,0,3,1,0,1,2,0,0,0,0
1991,1,13,0,0,0,0,0,0,0,0,0,0,0,0,0,0,0,0,0,0,0,0,0,0,0,0,0,0,0,0,0,0,1,0,0,0,0,1,1,1,2,0,0,0,1,1,0,0,1,0,0,0,0,1,0,1,2
1991,4,17,0,0,0,0,0,0,0,0,0,0,0,0,0,0,0,0,0,0,0,0,1,0,0,0,2,2,0,2,1,2,0,1,1,1,0,0,0,1,1,0,0,1,0,0,0,0,0,0,0,0,0,0,0,0,1
1991,7,28,0,0,0,0,0,0,0,0,0,0,0,0,0,0,0,0,0,0,0,0,0,0,1,0,1,2,1,2,4,3,4,0,1,3,2,0,0,0,0,1,3,0,0,0,0,0,0,0,0,0,0,0,0,0,0
1991,10,104,0,0,0,0,0,0,0,0,0,0,0,0,0,0,0,0,0,0,0,0,1,1,3,3,6,6,12,9,5,11,6,8,7,6,2,2,5,2,1,3,0,3,1,1,0,0,0,0,0,0,0,0,0,0,0
1992,1,42,0,0,0,0,0,0,0,0,0,0,0,0,1,0,1,0,1,0,0,0,0,0,1,1,0,2,2,1,1,5,2,2,1,3,3,2,5,2,1,0,0,2,1,0,1,0,1,0,0,0,0,0,0,0,0
1992,4,35,0,0,0,0,0,0,0,0,0,0,0,0,0,0,0,0,0,0,0,0,0,0,0,3,2,1,1,4,1,5,4,2,2,2,3,2,0,1,0,1,0,0,0,1,0,0,0,0,0,0,0,0,0,0,0
1992,7,57,0,0,0,0,0,0,0,0,0,0,0,0,0,0,0,0,0,0,0,0,0,0,0,1,2,3,6,4,5,3,4,1,10,3,4,2,5,1,1,0,1,0,0,0,0,0,0,1,0,0,0,0,0,0,0
1992,10,61,0,0,0,0,0,0,0,0,0,0,0,0,0,0,0,0,0,0,0,0,0,1,0,0,1,5,3,5,7,11,5,3,4,1,1,3,1,3,4,0,2,1,0,0,0,0,0,0,0,0,0,0,0,0,0
1993,1,80,0,0,0,0,0,0,0,0,0,0,0,0,0,0,0,0,0,0,0,0,0,0,0,1,1,1,1,4,4,2,5,1,7,9,5,5,3,7,2,5,6,1,2,3,2,2,0,1,0,0,0,0,0,0,0
1993,4,145,0,0,0,0,0,0,0,0,0,0,0,0,0,0,0,0,0,0,0,1,0,3,2,5,5,7,9,15,15,16,10,9,10,10,7,3,3,5,2,1,1,0,2,1,0,2,1,0,0,0,0,0,0,0,0
1993,7,102,0,0,0,0,0,0,0,0,0,0,0,0,0,0,0,0,0,0,0,0,1,0,0,3,3,3,8,9,8,7,6,5,6,9,9,5,5,1,3,1,2,4,0,0,1,0,0,1,0,1,0,0,1,0,0
1993,10,53,0,0,0,0,0,0,0,0,0,0,0,1,0,0,0,0,0,0,1,1,0,0,1,1,2,4,1,2,5,4,5,5,7,3,1,4,1,0,0,1,1,0,0,0,0,0,0,0,0,1,0,0,0,0,1
1994,1,85,0,0,0,0,0,0,0,0,0,0,0,0,0,0,0,0,0,0,0,0,1,1,0,1,1,1,0,1,5,4,2,1,3,6,4,8,12,10,5,5,4,0,1,2,3,1,0,1,1,0,1,0,0,0,0
1994,4,110,0,0,0,0,0,0,0,0,0,0,0,0,0,0,0,0,0,0,0,0,0,0,0,0,6,5,1,5,1,5,5,2,12,5,7,16,14,10,4,4,1,1,0,4,0,0,1,0,0,0,0,0,0,1,0
1994,7,145,0,0,0,0,0,0,0,0,0,0,0,0,0,0,0,0,0,0,0,0,0,0,0,2,2,4,10,12,13,12,4,11,8,14,7,11,6,4,4,6,3,3,2,2,0,1,2,1,0,1,0,0,0,0,0
1994,10,164,0,0,0,0,0,0,0,0,0,0,0,0,0,0,0,0,0,0,0,0,0,1,0,3,3,3,7,7,21,20,16,10,12,7,10,8,7,9,10,2,3,3,1,1,0,0,0,0,0,0,0,0,0,0,0
1995,1,145,0,0,0,0,0,0,0,0,0,0,0,0,0,0,0,0,0,0,0,0,0,0,0,2,2,5,6,8,13,10,10,5,10,11,9,6,9,10,9,3,8,4,2,1,2,0,0,0,0,0,0,0,0,0,0
1995,4,170,0,0,0,0,0,0,0,0,0,0,0,0,0,0,0,0,0,0,0,0,1,1,2,1,2,6,5,6,12,6,7,12,13,21,7,12,10,9,7,6,9,7,1,0,2,1,2,0,2,0,0,0,0,0,0
1995,7,145,0,0,0,0,0,0,0,0,0,0,0,0,0,0,0,0,1,0,0,1,0,1,1,3,2,2,9,4,3,10,16,11,20,7,9,9,7,12,4,4,2,2,2,1,0,1,1,0,0,0,0,0,0,0,0
1995,10,142,0,0,0,0,0,0,0,0,0,0,0,0,0,0,0,0,0,0,3,0,3,2,2,4,2,4,8,11,5,10,9,10,16,11,8,9,6,8,7,1,0,1,0,1,1,0,0,0,0,0,0,0,0,0,0
1996,1,72,0,0,0,0,0,0,0,0,0,0,0,0,0,0,0,0,0,0,0,1,1,0,0,0,0,5,2,2,5,8,7,1,8,6,6,8,3,0,1,1,2,1,2,1,1,0,0,0,0,0,0,0,0,0,0
1996,4,179,0,0,0,0,0,0,0,0,0,0,0,0,0,0,0,0,0,0,0,1,2,0,4,5,6,5,8,14,10,9,9,15,14,11,10,11,10,8,6,3,6,2,1,0,3,1,0,1,2,2,0,0,0,0,0
1996,7,143,0,0,0,0,0,0,0,0,1,0,0,0,0,0,2,0,0,0,0,2,0,0,1,0,3,5,7,11,6,9,9,9,12,16,16,6,8,6,3,5,2,1,1,1,0,1,0,0,0,0,0,0,0,0,0
1996,10,201,0,0,0,0,0,0,0,0,0,0,0,0,0,0,0,0,0,1,1,2,1,2,2,3,8,6,10,14,16,15,16,14,21,13,14,10,10,4,3,2,4,2,1,3,1,0,1,0,0,1,0,0,0,0,0
1997,1,135,0,0,0,0,0,0,0,0,0,0,0,0,0,0,0,0,0,0,0,0,1,3,2,3,4,3,5,7,5,6,12,11,10,10,9,5,8,4,3,4,4,2,4,3,2,0,2,0,2,0,0,1,0,0,0
1997,4,206,0,0,0,0,0,0,0,0,0,0,0,0,0,2,1,0,0,0,0,0,1,2,2,5,6,9,12,13,10,15,16,14,19,19,15,7,7,8,4,4,2,2,1,3,1,0,1,1,0,1,0,2,1,0,0
1997,7,315,0,0,0,0,0,0,0,0,0,0,0,1,0,0,0,0,0,2,1,0,4,2,10,9,6,24,23,22,19,21,19,35,18,12,18,10,14,9,9,6,6,1,6,1,0,0,4,3,0,0,0,0,0,0,0
1997,10,342,0,0,0,0,0,0,0,0,0,0,0,2,1,0,0,0,0,1,4,4,5,3,4,6,10,10,18,27,18,24,32,39,31,18,23,11,7,5,8,7,0,2,3,2,1,2,3,3,4,1,0,2,1,0,0
1998,1,255,0,0,0,0,0,0,0,0,0,0,0,0,0,0,1,0,2,0,2,2,3,5,8,10,14,6,9,17,18,13,11,25,20,20,14,8,10,8,3,3,4,2,3,1,1,2,3,1,2,3,0,1,0,0,0
1998,4,251,0,0,0,0,0,0,0,0,0,0,0,0,1,1,0,1,0,0,5,0,4,3,4,7,13,14,14,24,22,24,9,11,17,11,16,6,9,10,8,3,5,2,2,0,3,1,0,0,1,0,0,0,0,0,0
1998,7,304,0,0,0,0,0,0,0,0,0,0,0,0,0,0,1,0,0,0,1,2,2,1,6,8,7,12,13,21,38,32,24,21,16,24,20,10,9,9,3,5,6,3,4,1,0,1,0,2,0,1,0,0,1,0,0
1998,10,299,0,0,0,0,0,0,0,0,0,0,0,0,0,0,0,0,0,2,1,1,4,2,5,9,19,14,18,22,25,28,24,20,23,21,19,14,4,4,4,3,6,0,1,0,1,0,1,1,2,0,1,0,0,0,0
1999,1,346,0,0,0,0,0,0,0,0,1,0,0,0,0,0,0,0,0,1,0,2,0,8,11,12,21,31,27,29,26,27,17,33,26,12,17,7,10,5,7,4,5,2,0,1,1,0,2,0,0,1,0,0,0,0,0
1999,4,597,0,0,0,0,0,0,0,0,0,0,0,0,1,0,1,2,1,0,3,1,3,3,8,16,35,33,55,54,49,51,48,38,54,34,28,20,15,7,17,12,2,4,0,1,0,1,0,0,0,0,0,0,0,0,0
1999,7,449,0,0,0,0,0,0,0,0,0,0,0,0,0,0,1,0,3,0,0,2,1,7,3,9,21,17,26,44,46,53,34,27,27,22,25,17,21,15,11,4,2,3,0,2,2,1,0,2,0,0,1,0,0,0,0
1999,10,177,0,0,0,0,0,0,0,0,0,0,0,0,1,0,0,0,0,0,0,0,1,1,2,6,9,5,15,12,16,17,10,12,12,8,13,8,7,2,4,8,1,1,0,2,0,1,0,1,0,0,1,0,1,0,0
2000,1,271,0,0,0,0,0,0,0,0,0,0,0,2,4,2,1,0,1,0,0,1,6,2,2,4,12,8,16,18,15,28,18,24,25,17,22,9,12,3,1,5,2,2,2,1,1,3,1,1,0,0,0,0,0,0,0
2000,4,257,0,0,0,0,0,0,0,0,0,0,0,0,0,1,0,1,0,0,1,1,1,2,2,3,9,11,10,23,17,22,15,19,24,23,10,10,16,14,3,7,4,0,2,3,0,1,0,0,0,1,0,0,0,0,1
2000,7,319,0,0,0,0,0,0,0,0,0,0,0,0,0,1,0,0,1,0,0,2,1,0,4,5,5,11,11,18,18,40,28,29,32,31,13,18,12,13,6,6,4,2,1,3,2,0,1,0,0,1,0,0,0,0,0
2000,10,96,0,0,0,0,0,0,0,0,0,0,0,0,0,0,0,0,0,0,0,0,1,0,1,2,1,3,5,9,5,16,7,10,10,6,7,2,5,2,1,1,1,1,0,0,0,0,0,0,0,0,0,0,0,0,0
2001,1,210,0,0,0,0,0,0,0,0,0,0,0,1,1,0,0,0,0,0,0,2,0,0,1,2,4,8,8,14,11,15,12,23,18,23,25,14,12,5,2,4,3,1,0,0,0,0,0,1,0,0,0,0,0,0,0
2001,4,237,0,0,0,0,0,0,0,0,0,0,0,0,0,0,0,0,2,0,4,0,1,0,7,3,1,11,10,15,14,13,15,20,13,22,12,10,14,9,12,9,11,2,2,2,0,1,0,1,1,0,0,0,0,0,0
2001,7,270,0,0,0,0,0,0,0,0,0,0,0,0,0,0,0,0,1,0,2,1,1,1,0,4,12,9,11,17,18,25,10,22,22,21,19,18,10,7,10,9,6,5,3,1,3,2,0,0,0,0,0,0,0,0,0
2001,10,253,0,0,0,0,0,0,0,0,0,0,0,0,0,0,0,0,0,0,0,0,0,4,3,0,7,7,16,17,12,28,18,20,18,22,18,9,10,10,8,2,5,8,6,2,2,1,0,0,0,0,0,0,0,0,0
2002,1,191,0,0,0,0,0,0,0,0,0,0,0,0,0,0,0,1,0,0,0,1,1,1,4,2,1,5,7,7,12,13,9,17,15,15,17,10,11,11,8,8,3,2,3,4,0,0,0,1,0,1,1,0,0,0,0
2002,4,511,0,0,0,0,0,0,0,0,0,0,0,0,0,0,0,0,6,5,10,8,9,5,12,27,34,40,30,38,30,29,31,18,17,21,35,19,22,16,11,4,10,5,4,2,5,2,1,0,3,1,0,1,0,0,0
2002,7,352,0,0,0,0,0,0,0,0,0,0,0,1,0,0,0,0,0,2,2,1,0,2,3,6,8,14,26,24,19,38,24,28,26,22,27,19,8,16,11,3,5,6,2,4,1,0,2,1,1,0,0,0,0,0,0
2002,10,314,0,0,0,0,0,0,0,0,0,0,0,1,0,0,0,0,0,0,0,1,5,2,3,6,10,17,20,25,23,29,16,29,16,22,22,14,15,5,12,6,1,2,2,5,1,0,2,1,0,0,0,1,0,0,0
2003,1,196,0,0,0,0,0,0,0,0,0,0,0,0,0,0,0,0,0,0,0,1,1,1,3,9,10,4,14,12,12,12,14,12,23,17,17,5,6,2,6,7,2,2,1,2,0,0,0,1,0,0,0,0,0,0,0
2003,4,273,0,0,0,0,0,0,0,0,0,0,0,0,0,2,0,0,0,0,0,0,0,3,5,10,9,14,13,21,25,19,24,24,20,22,13,8,9,8,6,9,5,0,2,1,1,0,0,0,0,0,0,0,0,0,0
2003,7,382,0,0,0,0,0,0,0,0,0,0,0,0,0,0,0,1,0,0,0,1,1,2,7,7,10,22,31,17,33,38,45,37,38,24,15,16,11,10,3,0,2,1,3,2,1,0,2,1,0,0,0,0,0,1,0
2003,10,322,0,0,0,0,0,0,0,0,0,0,0,0,1,0,0,0,0,0,0,2,0,2,5,3,12,8,15,20,19,31,22,30,36,26,27,11,15,13,7,5,4,3,2,2,1,0,0,0,0,0,0,0,0,0,0
2004,1,176,0,0,0,0,0,0,0,0,0,0,0,0,0,0,0,0,0,0,2,0,0,1,1,3,5,5,9,7,7,12,13,9,18,17,16,11,17,3,2,5,5,2,3,0,0,0,1,1,0,1,0,0,0,0,0
2004,4,278,0,0,0,0,0,0,0,0,0,0,0,0,0,0,0,0,0,0,0,0,1,1,2,2,5,7,20,14,18,27,23,21,27,31,16,11,14,7,9,8,2,1,3,5,0,1,1,0,0,0,0,0,0,0,1
2004,7,233,0,0,0,0,0,0,0,0,0,0,0,0,0,0,0,0,0,1,0,1,3,0,4,2,6,13,17,13,23,15,12,17,23,20,15,12,9,6,3,6,2,1,1,0,2,1,0,1,0,1,2,1,0,0,0
2004,10,230,0,0,0,0,0,0,0,0,0,0,0,0,0,0,0,0,0,0,0,0,1,0,1,5,6,7,5,14,13,16,24,27,22,22,18,9,9,10,8,3,2,4,1,0,1,0,0,0,0,1,0,0,1,0,0
2005,1,308,0,0,0,0,0,0,0,0,0,0,0,0,0,0,0,0,0,0,1,1,1,5,4,3,7,10,16,20,23,18,26,23,18,36,22,15,10,10,10,8,5,5,4,3,1,2,0,0,1,0,0,0,0,0,0
2005,4,441,0,0,0,0,0,0,0,0,0,0,0,0,0,0,0,0,1,1,0,7,3,7,10,12,20,17,34,30,26,47,31,35,38,26,17,16,13,10,9,6,4,3,3,3,2,2,1,1,3,2,0,0,1,0,0
2005,7,329,0,0,0,0,0,0,0,0,0,0,0,0,0,1,0,1,0,1,1,1,3,1,3,7,12,25,29,24,17,27,28,22,21,27,21,14,16,8,6,2,3,3,2,0,0,1,0,0,0,1,0,0,0,1,0
2005,10,241,0,0,0,0,0,0,0,0,0,0,0,0,0,0,0,0,0,0,0,0,1,0,3,5,6,14,14,15,14,16,18,15,26,18,16,11,17,9,5,6,3,3,0,2,0,1,1,1,1,0,0,0,0,0,0
2006,1,219,0,0,0,0,0,0,0,0,0,0,1,0,0,0,0,0,0,3,1,2,1,1,3,1,4,10,16,15,18,15,10,16,14,15,14,4,12,9,5,6,2,3,0,1,2,1,5,0,3,3,0,0,2,0,1
2006,4,336,0,0,0,0,0,0,0,0,0,0,0,0,2,0,1,1,0,2,1,2,0,5,2,6,12,21,19,42,39,29,28,34,16,20,12,14,6,10,3,1,1,2,1,0,2,1,0,0,0,0,0,0,0,0,1
2006,7,253,0,0,0,0,0,0,0,0,0,0,0,0,0,0,0,0,0,1,2,0,0,1,1,3,5,7,13,16,21,21,19,19,19,14,11,9,9,8,8,4,4,3,7,6,7,3,1,3,5,1,0,1,0,0,1
2006,10,319,0,0,0,0,0,0,0,0,0,0,0,0,0,1,0,1,3,1,4,1,3,1,7,7,13,9,20,26,18,28,27,29,24,18,18,9,8,11,9,4,3,2,2,3,0,2,0,2,0,2,0,2,1,0,0
2007,1,261,0,0,0,0,0,0,0,0,0,0,0,0,0,0,2,0,0,1,2,1,1,4,10,9,9,18,21,18,13,23,14,20,17,14,12,11,9,7,7,3,8,2,2,2,1,0,0,0,0,0,0,0,0,0,0
2007,4,262,0,0,0,0,0,0,0,0,0,0,0,0,0,0,0,0,0,0,0,1,6,1,8,8,13,8,12,14,18,28,27,21,17,21,12,2,6,8,6,10,2,2,2,5,0,1,1,1,0,0,0,0,1,0,0
2007,7,127,0,0,0,0,0,0,0,0,0,0,0,0,0,0,0,0,0,0,0,0,1,3,1,1,5,2,4,6,5,8,14,11,12,11,11,4,3,5,3,5,2,2,1,1,1,1,1,1,0,1,0,0,0,0,1
2007,10,298,0,0,0,0,0,0,0,0,0,0,0,1,0,0,0,0,0,1,0,1,4,3,7,5,4,17,19,24,19,31,25,24,23,20,17,13,12,4,5,2,1,2,4,1,1,0,1,1,0,3,0,0,2,1,0
2008,1,266,0,0,0,0,0,0,0,0,0,0,0,0,0,0,0,1,1,0,0,0,0,2,0,8,8,16,20,18,17,29,16,19,15,19,12,11,15,7,7,5,5,2,4,2,1,3,1,0,2,0,0,0,0,0,0
2008,4,299,0,0,0,0,0,0,0,0,0,0,0,0,0,1,1,1,2,0,2,1,3,4,0,9,8,13,17,24,23,33,15,18,22,26,21,13,12,9,4,5,0,1,0,0,4,1,1,2,0,2,1,0,0,0,0
2008,7,179,0,0,0,0,0,0,0,0,0,0,0,0,0,0,0,0,0,1,0,3,2,1,1,1,3,4,5,11,15,21,14,18,14,22,19,11,4,2,2,4,0,1,0,0,0,0,0,0,0,0,0,0,0,0,0
2008,10,151,0,0,0,0,0,0,0,0,0,0,0,0,0,0,0,0,0,1,0,1,3,0,3,4,7,1,12,11,10,15,23,11,8,4,9,3,4,6,3,8,0,1,2,0,1,0,0,0,0,0,0,0,0,0,0
2009,1,154,0,0,0,0,0,0,0,0,0,0,0,0,0,0,0,0,1,1,2,1,0,0,0,3,7,5,7,12,10,11,12,14,10,8,3,9,10,11,5,2,2,0,1,2,2,0,3,0,0,0,0,0,0,0,0
2009,4,270,0,0,0,0,0,0,0,0,0,0,0,1,0,0,0,0,1,0,0,2,2,4,3,9,9,14,20,22,16,28,23,18,16,12,13,7,13,9,5,6,1,3,3,1,1,2,1,0,1,1,0,0,0,1,2
2009,7,398,0,0,0,0,0,0,0,0,0,0,0,0,1,0,0,2,0,2,2,4,3,4,11,6,13,18,23,33,36,38,36,34,26,20,20,16,10,11,8,6,3,3,3,0,1,0,0,1,1,0,2,0,0,0,1
2009,10,449,0,0,0,0,0,0,0,0,0,0,0,0,0,0,0,0,0,1,1,1,0,4,5,9,11,23,24,34,60,57,56,38,34,27,9,13,12,13,6,3,3,2,0,0,1,0,0,0,0,0,0,1,1,0,0
2010,1,276,0,0,0,0,0,0,0,0,0,0,0,0,1,0,0,0,0,0,1,1,3,5,3,0,10,9,18,17,14,27,35,28,25,20,11,11,15,7,2,1,2,1,3,0,3,0,0,0,1,1,1,0,0,0,0
2010,4,374,0,0,0,0,0,0,1,0,0,0,0,1,2,0,0,2,4,3,3,3,4,5,8,11,15,23,25,26,36,24,25,41,32,14,14,7,8,5,11,5,2,4,2,0,2,1,1,2,0,0,0,0,1,0,1
2010,7,381,0,0,0,0,0,0,0,0,0,0,0,0,0,0,1,0,1,0,1,3,1,3,9,12,17,17,22,33,34,35,40,25,25,23,27,12,10,6,7,6,4,2,0,1,1,0,1,0,0,0,0,2,0,0,0
2010,10,253,0,0,0,0,0,0,0,0,0,0,0,0,0,1,0,0,0,3,0,2,0,3,4,5,3,10,15,24,16,19,12,26,19,18,11,15,5,5,4,4,1,3,3,1,3,3,2,5,2,1,0,0,1,1,3
2011,1,204,0,0,0,0,0,0,0,0,0,0,1,1,2,0,2,1,0,1,0,0,0,2,3,3,4,9,12,17,4,13,12,11,21,12,13,8,11,6,3,7,8,1,4,1,1,2,1,1,1,0,0,1,2,1,1
2011,4,384,0,0,0,0,0,0,0,0,0,0,0,0,0,0,0,1,0,1,1,3,4,7,3,6,10,10,20,27,31,42,30,25,25,27,26,18,18,9,6,7,7,3,3,0,4,4,0,2,1,0,3,0,0,0,0
2011,7,316,0,0,0,0,0,0,0,0,0,0,1,0,2,1,1,2,0,0,0,1,6,4,5,5,15,15,23,30,23,24,22,24,21,20,15,18,10,6,3,4,3,0,0,3,2,1,1,1,1,3,0,0,0,0,0
2011,10,172,0,0,0,0,0,0,0,0,0,0,0,0,0,0,0,0,1,0,2,4,4,3,6,1,12,8,9,9,10,16,12,23,14,16,7,2,3,1,2,1,2,1,2,0,0,0,0,0,0,0,0,0,1,0,0
2012,1,147,0,0,1,0,0,0,0,0,0,0,0,1,0,1,0,0,0,0,1,0,0,2,1,2,4,4,9,8,6,8,13,12,5,8,9,7,8,3,6,3,4,3,2,5,2,3,2,0,0,1,0,0,2,1,0
2012,4,357,0,0,0,0,0,0,0,0,0,0,0,0,0,0,0,1,0,3,1,5,1,1,3,6,13,16,18,24,20,40,20,18,28,22,7,17,17,10,8,12,5,9,10,10,3,2,2,2,0,1,1,0,1,0,0
2012,7,471,0,1,0,0,0,0,0,0,0,0,0,0,2,0,1,0,1,1,1,6,5,8,11,10,16,17,23,30,28,39,42,41,33,37,27,20,17,15,11,5,7,2,5,2,1,2,1,0,0,1,1,1,0,0,0
2012,10,338,0,0,0,0,0,0,0,0,0,0,0,0,1,0,0,2,0,1,1,0,4,2,7,11,14,23,19,20,17,31,32,28,26,22,17,8,13,5,14,9,5,0,4,0,0,1,0,1,0,0,0,0,0,0,0
2013,1,179,0,0,0,0,0,0,0,0,0,0,0,0,3,3,2,1,1,3,1,2,2,2,4,4,2,12,18,7,4,6,12,18,16,11,4,8,4,4,3,2,4,1,3,0,2,0,2,1,0,0,1,2,3,1,0
2013,4,472,0,0,0,0,0,0,0,0,0,0,0,0,0,2,1,0,1,1,2,3,3,6,9,12,14,39,38,35,34,40,22,29,30,24,29,21,16,14,6,8,10,4,1,3,5,2,1,1,1,0,2,1,0,1,1
2013,7,408,0,0,0,0,0,0,0,0,0,0,0,0,0,0,0,3,3,3,3,6,6,4,3,11,10,17,29,24,41,39,34,34,23,20,23,16,11,9,9,3,5,1,4,0,5,1,1,0,0,1,1,2,1,1,1
2013,10,214,0,0,0,0,0,0,0,0,0,0,1,2,1,0,0,0,0,1,1,1,1,1,5,4,7,14,20,14,18,17,11,16,18,15,14,5,5,8,3,1,5,1,0,0,2,0,0,2,0,0,0,0,0,0,0
2014,1,238,0,0,0,0,0,0,0,0,0,0,0,0,0,0,0,0,2,0,0,2,0,3,4,6,7,5,8,9,11,16,18,18,15,13,14,10,8,9,12,5,7,8,8,4,4,2,2,2,2,1,1,0,0,0,2
2014,4,394,0,0,0,0,0,0,0,0,0,0,0,0,0,0,2,0,2,1,2,2,5,0,7,12,19,25,22,32,26,29,28,29,25,32,32,14,10,7,3,4,6,5,1,3,2,3,2,0,0,0,0,1,0,0,1
2014,7,520,0,0,0,0,0,0,0,0,0,0,0,0,2,1,0,2,2,2,2,4,1,7,4,19,20,27,31,36,38,49,43,52,34,30,21,18,22,13,7,10,4,4,4,2,2,3,1,2,1,0,0,0,0,0,0
2014,10,340,0,0,0,0,0,0,0,0,0,0,0,0,0,0,1,0,2,0,1,0,3,5,8,11,16,22,16,30,25,17,29,31,24,27,20,13,13,6,6,2,6,1,1,0,0,0,1,0,0,0,1,0,1,1,0
2015,1,285,0,0,0,0,0,0,0,0,0,0,0,1,1,0,3,1,0,2,2,4,5,6,8,6,14,14,24,18,18,28,15,21,20,8,11,11,9,4,5,5,9,3,3,2,3,0,0,0,0,0,1,0,0,0,0
2015,4,514,0,0,0,0,0,0,0,0,0,0,0,0,2,1,2,0,0,1,6,4,3,8,11,15,28,28,40,38,41,45,33,27,34,34,23,21,17,12,7,6,9,3,1,2,3,2,1,2,1,0,0,1,2,0,0
2015,7,591,0,0,0,0,0,0,0,0,0,0,0,1,1,1,1,2,3,4,3,6,12,11,15,26,28,28,37,43,43,37,40,34,36,30,18,18,20,18,21,14,10,5,6,0,5,0,4,2,2,2,1,0,3,0,0
2015,10,802,0,0,0,0,0,0,0,0,0,0,0,1,2,4,3,4,4,3,1,4,6,10,12,23,22,35,46,57,40,60,66,57,51,38,44,30,38,26,23,18,16,6,9,10,8,3,6,4,4,1,1,2,3,0,1
2016,1,386,0,0,0,0,0,0,0,0,0,0,0,0,1,1,0,1,0,1,4,3,7,4,11,20,19,13,25,25,34,30,22,22,31,17,15,9,10,15,9,5,0,2,7,2,2,1,1,4,3,4,3,0,3,0,0
2016,4,525,0,0,0,0,0,0,0,0,0,0,0,2,0,1,2,3,5,5,2,2,4,5,15,8,31,32,44,35,31,48,31,30,31,23,27,13,14,17,21,3,7,5,5,3,2,2,3,2,2,0,2,0,3,0,4
2016,7,373,0,0,0,0,0,0,0,0,0,0,1,0,0,3,4,5,6,4,4,2,3,2,14,2,14,22,22,25,15,29,25,23,30,30,15,7,17,14,7,6,4,2,4,4,2,0,1,0,2,0,2,0,0,0,1
2016,10,393,0,0,0,0,0,0,0,0,0,0,0,1,1,1,2,3,4,11,3,1,4,6,8,6,14,16,22,33,33,31,23,29,29,20,19,11,10,14,10,8,4,2,3,2,3,1,1,0,2,0,1,0,0,1,0
2017,1,148,0,0,0,0,0,0,0,0,0,0,0,0,2,0,0,1,0,2,1,1,3,3,5,5,6,4,7,8,8,11,11,10,13,4,9,8,4,5,5,5,2,1,3,0,0,0,0,0,0,0,0,0,1,0,0
2017,4,298,0,0,0,0,0,0,0,0,0,0,0,0,1,1,1,1,0,0,2,0,7,6,6,9,12,18,17,22,19,22,28,26,16,17,13,13,8,8,7,2,2,1,3,0,2,1,2,1,1,1,1,0,0,0,1
2017,7,407,0,0,0,0,0,0,0,0,0,0,0,0,1,0,2,0,1,2,0,2,2,5,10,14,16,26,37,31,39,41,23,39,24,24,20,13,8,8,5,1,4,1,0,1,1,0,3,0,1,0,2,0,0,0,0
2017,10,210,0,0,0,0,0,0,0,0,0,0,0,0,1,0,0,2,2,1,1,3,2,1,5,8,9,22,23,17,11,17,9,10,16,11,4,6,2,6,4,2,3,1,2,2,2,0,0,2,0,0,1,0,0,2,0
2018,1,110,0,0,0,0,0,0,0,0,0,0,0,0,0,0,0,0,0,0,1,2,0,4,3,6,5,5,4,6,10,9,3,11,12,6,5,2,2,4,1,3,3,1,0,1,0,0,1,0,0,0,0,0,0,0,0
2018,4,336,0,0,0,0,0,0,0,0,0,0,0,0,0,0,0,0,0,1,0,2,5,5,6,11,9,15,18,30,31,29,17,28,24,16,18,8,13,8,8,5,3,8,9,3,1,1,1,0,1,0,0,0,1,1,0
2018,7,359,0,0,0,0,0,0,0,0,0,0,0,0,0,2,1,1,1,0,2,1,2,6,4,16,16,24,28,30,32,36,25,20,27,16,13,10,7,13,5,3,6,3,3,1,4,0,0,0,1,0,0,0,0,0,0
2018,10,285,0,0,0,0,0,0,0,0,0,0,1,0,0,1,0,0,1,1,0,1,5,4,6,7,18,16,30,21,27,25,21,22,26,13,7,9,2,6,2,2,3,1,0,0,1,0,2,1,0,0,1,0,1,0,1
2019,1,142,0,0,0,0,0,0,0,0,0,0,0,0,2,0,0,0,0,2,0,0,3,2,3,4,7,15,8,13,10,6,6,9,8,8,4,4,3,2,5,2,1,1,2,2,4,3,0,0,0,1,1,0,0,1,0
2019,4,498,0,0,0,0,0,0,0,0,0,0,0,0,2,0,5,1,2,1,2,2,6,7,12,9,25,20,32,27,34,36,36,38,31,39,31,18,14,14,12,7,6,6,5,3,5,1,1,1,0,1,4,1,0,1,0
2019,7,390,0,0,0,0,0,0,0,0,0,0,0,0,0,0,1,0,0,0,3,0,5,4,6,11,27,17,28,22,20,30,28,34,29,18,20,11,17,10,8,7,7,4,5,2,4,4,2,0,2,0,3,0,0,1,0
2019,10,353,0,0,0,0,0,0,0,0,0,0,0,0,0,0,0,0,1,1,0,1,8,1,12,11,22,28,24,24,29,34,24,19,28,19,16,4,8,9,4,2,7,2,4,1,2,0,2,0,3,0,2,1,0,0,0
2020,1,230,0,0,0,0,0,0,0,0,0,0,0,0,0,0,1,0,0,0,0,1,7,7,15,5,11,16,27,21,19,19,12,9,13,5,10,7,2,4,3,2,4,0,3,2,0,2,0,0,0,2,0,0,1,0,0
2020,4,200,0,0,0,0,0,0,0,0,1,0,1,0,1,1,2,1,1,0,1,0,1,1,5,2,6,8,12,11,7,11,18,15,18,8,7,6,7,3,2,2,5,6,7,4,3,2,2,2,3,2,2,0,2,1,0
2020,7,208,0,0,0,0,0,0,0,0,0,0,0,0,0,0,1,0,0,1,2,0,2,2,8,7,10,14,18,10,11,18,10,9,12,15,7,6,5,4,2,7,2,4,4,2,5,1,4,1,1,1,0,0,2,0,0
2020,10,177,0,0,0,0,0,0,0,0,0,0,0,0,0,0,0,0,0,0,0,0,4,1,5,6,10,6,17,11,12,12,12,10,8,8,10,4,9,4,4,2,1,4,2,1,1,1,4,1,3,1,3,0,0,0,0
2021,1,102,0,0,0,0,0,0,0,0,0,0,0,0,0,0,0,0,0,0,0,1,1,3,3,3,7,3,6,6,4,9,9,6,7,9,7,2,2,2,5,2,1,1,0,1,1,0,0,0,0,1,0,0,0,0,0
2021,4,293,0,0,0,0,0,0,0,0,0,0,0,0,0,0,1,0,1,0,0,1,1,9,8,5,11,15,26,13,18,25,12,20,30,17,13,6,6,10,11,3,6,1,4,1,3,0,4,1,2,0,7,0,2,0,0
2021,7,233,0,0,0,0,0,0,0,0,0,0,1,0,0,1,0,0,0,0,1,4,4,2,4,7,11,8,17,11,18,22,19,12,24,14,16,6,6,3,8,4,1,0,1,1,2,0,1,1,1,2,0,0,0,0,0
2021,10,197,0,0,0,0,0,0,0,0,0,0,0,0,0,0,0,0,1,0,0,1,0,2,10,12,14,9,16,22,17,21,15,10,11,9,7,2,5,2,4,1,0,1,1,0,2,1,0,0,0,0,1,0,0,0,0
2022,1,188,0,0,0,0,0,0,0,0,0,0,0,0,0,1,1,1,1,1,0,1,2,0,8,2,7,10,16,8,5,13,13,10,10,14,10,7,11,5,3,2,4,2,5,0,2,1,1,2,2,0,1,2,2,1,1
2022,4,303,0,0,0,0,0,0,0,0,0,0,0,0,0,0,1,0,1,2,2,4,9,2,8,13,14,15,22,23,24,28,24,14,17,13,16,9,10,6,7,4,6,3,1,0,1,1,0,0,1,1,0,0,0,1,0
2022,7,374,0,0,0,0,0,0,0,0,0,0,0,0,0,2,0,0,0,1,1,2,4,5,8,6,20,17,26,20,38,21,29,26,18,27,24,15,12,9,10,6,2,4,1,2,3,0,5,3,3,3,0,1,0,0,0
2022,10,281,0,0,0,0,0,0,0,0,0,0,0,0,0,0,0,0,0,0,0,3,2,3,7,6,18,15,17,18,19,16,15,19,12,21,16,11,11,12,5,2,9,4,3,1,3,0,3,4,3,0,0,0,1,1,1
2023,1,191,0,0,0,0,0,0,0,0,0,0,0,0,0,0,0,0,1,0,1,1,2,1,2,8,14,10,13,7,12,12,6,8,20,11,5,4,9,3,6,5,1,3,1,5,3,4,2,5,4,1,1,0,0,0,0
2023,4,379,0,0,0,0,0,0,0,0,0,0,2,0,1,0,4,0,1,0,1,2,6,6,6,4,11,18,26,24,26,24,28,28,36,22,15,19,15,5,7,4,6,2,3,3,2,4,8,3,4,1,1,0,0,1,0
2023,7,325,0,0,0,0,0,0,0,0,0,0,0,0,0,0,1,0,0,0,1,1,7,4,8,4,11,15,21,27,18,28,28,21,30,19,16,8,9,8,4,5,7,2,7,4,2,4,3,1,1,0,0,0,0,0,0
2023,10,259,0,0,0,0,0,0,0,0,0,0,0,0,0,0,0,0,0,0,1,1,2,6,1,9,13,18,29,21,12,24,19,12,14,14,4,9,9,3,5,3,5,2,5,6,1,1,2,0,2,3,2,0,0,1,0
2024,1,221,0,0,0,0,0,0,0,0,0,0,3,2,2,2,2,0,1,1,3,2,5,5,6,7,10,7,12,9,16,14,15,8,22,11,13,9,7,4,2,3,5,0,4,1,1,0,3,0,0,1,1,0,2,0,0
2024,4,375,0,0,0,0,0,0,0,0,0,0,0,0,0,0,1,0,0,2,1,2,4,5,7,16,15,14,27,18,29,32,19,24,28,18,19,13,14,8,9,8,3,5,6,2,3,5,8,5,1,0,2,0,1,0,1
2024,7,485,0,0,0,0,0,0,0,0,0,0,0,0,0,1,3,0,0,0,1,2,7,7,8,10,17,20,30,33,40,36,35,43,41,34,28,10,12,12,10,5,16,3,6,2,0,0,2,4,2,2,0,3,0,0,0
2024,10,404,0,0,0,0,0,0,0,0,0,0,0,0,2,0,1,0,0,2,3,0,2,2,16,10,26,18,31,26,37,35,35,30,29,23,17,9,14,9,5,3,8,1,1,0,3,1,0,2,2,0,0,1,0,0,0
